id,category,question,answer,url
1,Présentation,Qu'est-ce que l'ISET de Sfax?,"L'Institut Supérieur des Études Technologiques (ISET) de Sfax est un établissement d'enseignement supérieur public tunisien créé en 1995. Il fait partie du réseau des ISET et a pour mission de former des techniciens supérieurs dans divers domaines technologiques.",/presentation
2,Présentation,Quelle est la mission de l'ISET Sfax?,"La mission principale de l'ISET Sfax est de former des techniciens supérieurs et des cadres intermédiaires hautement qualifiés pour répondre aux besoins du marché du travail tunisien dans les domaines technologiques, économiques et de gestion.",/missions-et-objectifs
3,Présentation,Où se situe l'ISET de Sfax?,"L'ISET de Sfax est situé sur la route de Mahdia Km 2.5, Sfax, Tunisie.",/contact
4,Présentation,Quels sont les départements de l'ISET Sfax?,"L'ISET Sfax dispose de plusieurs départements : Technologies de l'Informatique, Génie Électrique, Génie Mécanique, Génie Civil, Sciences Économiques et Gestion, et Administration des Affaires.",/departements
5,Présentation,Qui est le directeur actuel de l'ISET Sfax?,"Le directeur actuel de l'ISET Sfax est le Professeur Chokri ELLOUZE, en poste depuis 2020.",/direction
6,Présentation,Quand a été fondé l'ISET de Sfax?,"L'ISET de Sfax a été fondé en 1995 dans le cadre du réseau national des Instituts Supérieurs des Études Technologiques.",/presentation/historique
7,Présentation,Combien d'étudiants compte l'ISET Sfax?,"L'ISET Sfax compte environ 3000 étudiants répartis dans les différentes filières et niveaux d'études.",/presentation/chiffres-cles
8,Présentation,Quelles sont les valeurs de l'ISET Sfax?,"Les valeurs fondamentales de l'ISET Sfax sont l'excellence académique, l'innovation technologique, l'ouverture sur le monde professionnel, l'intégrité et le respect de la diversité.",/presentation/valeurs
9,Présentation,Quels sont les objectifs stratégiques de l'ISET Sfax?,"Les objectifs stratégiques de l'ISET Sfax incluent le renforcement de la qualité des formations, le développement de la recherche appliquée, l'amélioration de l'employabilité des diplômés, et le renforcement des partenariats nationaux et internationaux.",/missions-et-objectifs
10,Présentation,Comment contacter l'administration de l'ISET Sfax?,"Pour contacter l'administration de l'ISET Sfax, vous pouvez appeler le +216 74 431 404 ou envoyer un email à contact@isetsf.rnu.tn.",/contact
11,Présentation,Quelles sont les heures d'ouverture de l'ISET Sfax?,"L'ISET Sfax est ouvert du lundi au vendredi de 8h00 à 18h00. L'administration est accessible de 8h30 à 16h30.",/infos-pratiques
12,Présentation,L'ISET Sfax est-il accrédité?,"Oui, l'ISET Sfax est un établissement public accrédité par le Ministère de l'Enseignement Supérieur et de la Recherche Scientifique de Tunisie.",/presentation/accreditation
13,Présentation,Comment accéder à l'ISET Sfax en transport?,"L'ISET Sfax est accessible par plusieurs lignes de bus urbains de la ville de Sfax. Il est situé sur la route de Mahdia Km 2.5, facilement accessible en taxi ou en voiture particulière.",/acces-et-plan
14,Présentation,Y a-t-il un plan du campus disponible?,"Oui, un plan interactif du campus est disponible sur le site web de l'institution dans la section 'Infos pratiques'.",/infos-pratiques/plan-du-campus
15,Présentation,Quelle est la superficie du campus de l'ISET Sfax?,"Le campus de l'ISET Sfax s'étend sur une superficie d'environ 10 hectares, comprenant les bâtiments d'enseignement, les laboratoires, les installations sportives et les espaces verts.",/presentation/infrastructure
16,Présentation,L'ISET Sfax dispose-t-il d'un système de management de la qualité?,"Oui, l'ISET Sfax a mis en place un système de management de la qualité conforme aux normes internationales pour assurer l'excellence dans tous ses services et formations.",/qualite
17,Présentation,Quels sont les principaux partenaires de l'ISET Sfax?,"Les principaux partenaires de l'ISET Sfax incluent des entreprises locales et internationales, d'autres établissements d'enseignement supérieur en Tunisie et à l'étranger, ainsi que des organismes gouvernementaux.",/partenaires
18,Présentation,L'ISET Sfax propose-t-il des visites guidées?,"Oui, l'ISET Sfax organise régulièrement des journées portes ouvertes et des visites guidées pour les futurs étudiants et leurs parents. Il est recommandé de contacter l'administration à l'avance pour programmer une visite.",/infos-pratiques/visites
19,Présentation,Quelle est la devise ou le slogan de l'ISET Sfax?,"La devise de l'ISET Sfax est 'Excellence, Innovation, Employabilité', reflétant ses engagements envers la qualité de l'enseignement et l'insertion professionnelle de ses diplômés.",/presentation
20,Présentation,L'ISET Sfax dispose-t-il d'une bibliothèque?,"Oui, l'ISET Sfax dispose d'une bibliothèque moderne offrant un large éventail de ressources documentaires physiques et numériques, accessible à tous les étudiants et au personnel.",/services/bibliotheque
21,Formation,Quelles licences peut-on préparer à l'ISET Sfax?,"L'ISET Sfax propose plusieurs licences nationales dans des domaines variés comme l'informatique, l'électronique, le génie mécanique, le génie civil, la gestion et l'économie.",/categories/27/licence-nationale
22,Formation,Quelle est la durée des études pour obtenir une licence à l'ISET Sfax?,"La durée des études pour obtenir une licence nationale à l'ISET Sfax est de trois ans (six semestres), comprenant des cours théoriques, des travaux pratiques et un stage de fin d'études.",/formation/organisation-des-etudes
23,Formation,L'ISET Sfax propose-t-il des formations en mastère?,"Oui, l'ISET Sfax propose des mastères professionnels dans plusieurs spécialités comme les réseaux informatiques, les systèmes embarqués, la gestion industrielle et d'autres domaines technologiques.",/categories/28/mastere-professionnel
24,Formation,Comment se déroule l'évaluation des étudiants à l'ISET Sfax?,"L'évaluation des étudiants à l'ISET Sfax se fait par contrôle continu et examens semestriels. Chaque module est évalué selon ses spécificités (examens écrits, travaux pratiques, projets, etc.).",/formation/evaluation
25,Formation,Quelles sont les spécialités disponibles en informatique?,"En informatique, l'ISET Sfax propose des spécialités comme le développement de systèmes d'information, les réseaux et systèmes informatiques, le multimédia et le développement web, et l'ingénierie des systèmes informatiques.",/departements/informatique/specialites
26,Formation,Est-ce que les diplômes de l'ISET Sfax sont reconnus à l'international?,"Oui, les diplômes délivrés par l'ISET Sfax sont des diplômes nationaux reconnus internationalement, notamment dans les pays francophones et dans le cadre des accords de reconnaissance mutuelle.",/formation/reconnaissance-des-diplomes
27,Formation,Comment sont organisés les stages dans le cursus?,"Les stages sont intégrés au cursus de formation. Un stage de fin d'études de 4 à 6 mois est obligatoire en dernière année de licence. Des stages d'observation ou d'initiation peuvent être proposés dans les années précédentes.",/formation/stages
28,Formation,Quels sont les débouchés après une licence en génie électrique?,"Les débouchés après une licence en génie électrique incluent des postes de technicien supérieur, chef de projet junior, ou responsable de maintenance dans des secteurs comme l'industrie, l'énergie, l'automatisme, ou les télécommunications.",/departements/genie-electrique/debouches
29,Formation,Est-il possible de poursuivre des études d'ingénieur après l'ISET Sfax?,"Oui, les diplômés de l'ISET Sfax peuvent poursuivre des études d'ingénieur, soit par concours d'accès aux écoles d'ingénieurs, soit par admission sur dossier dans certaines formations d'ingénierie en Tunisie ou à l'étranger.",/formation/poursuite-detudes
30,Formation,Quelles sont les langues d'enseignement à l'ISET Sfax?,"Les enseignements à l'ISET Sfax sont principalement dispensés en français et en arabe. Certains modules techniques peuvent être enseignés en anglais, surtout dans les niveaux avancés.",/formation/langues-denseignement
31,Formation,L'ISET Sfax propose-t-il des cours du soir ou des formations continues?,"Oui, l'ISET Sfax propose des formations continues et des cours du soir destinés aux professionnels souhaitant actualiser leurs compétences ou obtenir une certification complémentaire.",/formation-continue
32,Formation,Comment obtenir le syllabus détaillé d'une formation spécifique?,"Pour obtenir le syllabus détaillé d'une formation, vous pouvez consulter la section dédiée sur le site web ou contacter directement le département concerné par email ou téléphone.",/formation/programmes
33,Formation,Existe-t-il des accords de double diplôme avec des universités étrangères?,"Oui, l'ISET Sfax a établi des accords de coopération avec plusieurs universités étrangères permettant aux étudiants d'obtenir un double diplôme ou de suivre une partie de leur cursus à l'étranger.",/relations-internationales/doubles-diplomes
34,Formation,Les étudiants ont-ils accès à des certifications professionnelles?,"Oui, l'ISET Sfax encourage ses étudiants à obtenir des certifications professionnelles reconnues dans leur domaine (Cisco, Microsoft, Oracle, etc.) et propose des préparations spécifiques.",/formation/certifications
35,Formation,Comment fonctionne le système de crédits ECTS à l'ISET Sfax?,"L'ISET Sfax applique le système européen de transfert de crédits (ECTS), où chaque module d'enseignement correspond à un nombre de crédits reflétant la charge de travail. Une licence complète équivaut à 180 crédits ECTS.",/formation/systeme-de-credits
36,Formation,Y a-t-il des cours de langues étrangères proposés?,"Oui, l'ISET Sfax propose des cours de langues étrangères, principalement l'anglais et l'allemand, qui font partie intégrante du cursus académique dans toutes les spécialités.",/formation/langues-etrangeres
37,Formation,Comment sont composées les équipes pédagogiques?,"Les équipes pédagogiques de l'ISET Sfax sont composées d'enseignants-chercheurs permanents, de professionnels du secteur privé assurant des enseignements spécialisés, et d'intervenants internationaux dans le cadre de partenariats.",/equipe-pedagogique
38,Formation,Existe-t-il des programmes de tutorat pour les étudiants?,"Oui, l'ISET Sfax a mis en place un système de tutorat où des enseignants et des étudiants avancés accompagnent les nouveaux étudiants pour faciliter leur intégration et les aider dans leurs études.",/vie-etudiante/tutorat
39,Formation,Quelle est la politique concernant l'assiduité aux cours?,"L'assiduité aux cours, travaux dirigés et travaux pratiques est obligatoire à l'ISET Sfax. Des absences non justifiées au-delà d'un certain seuil peuvent entraîner l'exclusion d'un module ou l'impossibilité de passer les examens.",/formation/reglement-des-etudes
40,Formation,Comment se déroule le projet de fin d'études?,"Le projet de fin d'études (PFE) se déroule généralement au dernier semestre. L'étudiant réalise un projet au sein d'une entreprise, encadré par un tuteur professionnel et un enseignant. Le projet est ensuite présenté devant un jury pour évaluation.",/formation/projet-de-fin-detudes
41,Admission,Comment s'inscrire à l'ISET Sfax?,"Pour s'inscrire à l'ISET Sfax, les bacheliers doivent passer par la procédure d'orientation universitaire nationale. Les admissions se font sur dossier en fonction des résultats du baccalauréat et des choix exprimés.",/admission/procedure-dinscription
42,Admission,Quelles sont les dates limites d'inscription à l'ISET Sfax?,"Les dates limites d'inscription varient chaque année académique, mais généralement les inscriptions se déroulent entre juillet et septembre. Les dates précises sont publiées sur le site web et les réseaux sociaux de l'institut.",/admission/calendrier-des-inscriptions
43,Admission,Quels sont les frais de scolarité à l'ISET Sfax?,"Les frais de scolarité à l'ISET Sfax sont fixés par le Ministère de l'Enseignement Supérieur. Pour les étudiants tunisiens, ils sont d'environ 50-80 dinars par an pour les licences. Des frais supplémentaires peuvent s'appliquer pour certains programmes spécifiques.",/admission/frais-de-scolarite
44,Admission,Quels documents sont nécessaires pour l'inscription à l'ISET Sfax?,"Les documents nécessaires pour l'inscription incluent : attestation d'orientation, copie du baccalauréat, extrait de naissance, photos d'identité, copie de la carte d'identité nationale, et le reçu de paiement des frais d'inscription.",/admission/documents-requis
45,Admission,L'ISET Sfax accepte-t-il les étudiants internationaux?,"Oui, l'ISET Sfax accepte les étudiants internationaux. Ces derniers doivent obtenir une pré-inscription via l'ambassade de Tunisie dans leur pays d'origine ou directement auprès du Ministère de l'Enseignement Supérieur tunisien.",/admission/etudiants-internationaux
46,Admission,Existe-t-il des bourses d'études à l'ISET Sfax?,"Oui, les étudiants de l'ISET Sfax peuvent bénéficier des bourses nationales attribuées par le Ministère de l'Enseignement Supérieur et des bourses spécifiques offertes par des partenaires privés ou des organismes internationaux.",/vie-etudiante/bourses
47,Admission,Comment se réoriente-t-on vers l'ISET Sfax après une première année universitaire ailleurs?,"La réorientation vers l'ISET Sfax après une première année universitaire est possible via une demande de transfert. Le dossier est évalué par une commission qui examine la compatibilité des acquis avec la formation visée.",/admission/reorientation
48,Admission,Y a-t-il un âge limite pour s'inscrire à l'ISET Sfax?,"Il n'y a pas d'âge limite strict pour s'inscrire à l'ISET Sfax, bien que la majorité des étudiants soient des bacheliers récents. Les candidats plus âgés sont également acceptés, surtout dans le cadre de la formation continue.",/admission/conditions
49,Admission,Est-il possible de visiter l'ISET Sfax avant de s'inscrire?,"Oui, l'ISET Sfax organise régulièrement des journées portes ouvertes permettant aux futurs étudiants de visiter les installations et de rencontrer les enseignants. Il est également possible de demander une visite individuelle en contactant l'administration.",/admission/portes-ouvertes
50,Admission,Comment fonctionne le système de sélection à l'ISET Sfax?,"La sélection à l'ISET Sfax se fait principalement sur la base des résultats du baccalauréat et du processus d'orientation universitaire national. Pour certaines formations spécifiques ou les mastères, une sélection sur dossier peut être appliquée.",/admission/selection
51,Admission,Existe-t-il des quotas par spécialité de baccalauréat?,"Oui, il existe des quotas par spécialité de baccalauréat pour chaque formation. Certaines spécialités comme les filières techniques sont privilégiées pour les formations en génie, tandis que les filières économiques sont préférées pour les formations en gestion.",/admission/quotas-par-specialite
52,Admission,Peut-on s'inscrire à l'ISET Sfax après un BTS ou un diplôme équivalent?,"Oui, les titulaires d'un BTS ou d'un diplôme équivalent peuvent s'inscrire à l'ISET Sfax, généralement en intégrant directement la deuxième année de licence après étude de leur dossier par une commission pédagogique.",/admission/admission-parallele
53,Admission,Les étudiants en situation de handicap peuvent-ils être admis à l'ISET Sfax?,"Oui, l'ISET Sfax accueille les étudiants en situation de handicap et dispose d'infrastructures adaptées. Des aménagements spécifiques peuvent être mis en place pour les examens et les cours selon les besoins.",/admission/etudiants-handicapes
54,Admission,Quand commencent les cours pour les nouveaux inscrits?,"Les cours pour les nouveaux inscrits commencent généralement mi-septembre. Une semaine d'intégration est souvent organisée avant le début officiel des cours pour familiariser les étudiants avec l'institut.",/admission/calendrier
55,Admission,Peut-on s'inscrire à l'ISET Sfax en cours d'année universitaire?,"En général, l'inscription à l'ISET Sfax n'est pas possible en cours d'année universitaire pour les formations initiales. Des exceptions peuvent être faites dans des cas particuliers comme les transferts ou certaines formations continues.",/admission/inscriptions-tardives
56,Admission,Comment faire une demande de chambre en résidence universitaire?,"La demande de chambre en résidence universitaire se fait via le portail des œuvres universitaires après l'inscription à l'ISET Sfax. Les places sont attribuées selon des critères sociaux et la distance du domicile familial.",/vie-etudiante/logement
57,Admission,Les bacheliers étrangers suivent-ils la même procédure d'admission?,"Non, les bacheliers étrangers suivent une procédure d'admission spécifique. Ils doivent généralement présenter leur candidature via l'ambassade de Tunisie dans leur pays ou directement auprès du Ministère de l'Enseignement Supérieur tunisien.",/admission/etudiants-internationaux
58,Admission,Existe-t-il un concours d'entrée pour certaines filières?,"Non, il n'y a pas de concours d'entrée spécifique pour les formations de licence à l'ISET Sfax. L'admission se fait sur dossier. Pour certains mastères professionnels, une sélection plus stricte peut inclure un entretien ou un test.",/admission/modalites
59,Admission,Comment faire valider des acquis professionnels pour intégrer l'ISET Sfax?,"La validation des acquis professionnels pour intégrer l'ISET Sfax est possible pour certaines formations. Le candidat doit constituer un dossier détaillant son expérience, qui sera évalué par une commission pédagogique.",/admission/validation-des-acquis
60,Admission,Existe-t-il une limite au nombre d'inscriptions possibles dans une même formation?,"Oui, il existe généralement une limite au nombre d'inscriptions possibles dans une même formation. Un étudiant ne peut pas redoubler plus de deux fois durant son cursus, sauf dérogation exceptionnelle.",/formation/reglement-des-etudes
61,Vie étudiante,Quels clubs et associations existent à l'ISET Sfax?,"L'ISET Sfax compte de nombreux clubs et associations étudiants couvrant divers domaines : robotique, entrepreneuriat, culture, sports, arts, développement durable, actions humanitaires, etc.",/vie-etudiante/clubs
62,Vie étudiante,Y a-t-il un restaurant universitaire à l'ISET Sfax?,"Oui, l'ISET Sfax dispose d'un restaurant universitaire offrant des repas à prix subventionnés pour les étudiants et le personnel. Des cafétérias sont également disponibles sur le campus.",/vie-etudiante/restauration
63,Vie étudiante,Comment accéder aux installations sportives de l'ISET Sfax?,"Les installations sportives de l'ISET Sfax (terrain de football, salle de sport, courts de tennis, etc.) sont accessibles gratuitement aux étudiants selon un planning établi. Certaines activités nécessitent une inscription préalable auprès du service des sports.",/vie-etudiante/sport
64,Vie étudiante,Existe-t-il une résidence universitaire pour les étudiants de l'ISET Sfax?,"L'ISET Sfax ne dispose pas de sa propre résidence universitaire, mais les étudiants peuvent accéder aux résidences universitaires de Sfax gérées par l'Office des Œuvres Universitaires pour le Sud.",/vie-etudiante/logement
65,Vie étudiante,Quels services médicaux sont disponibles sur le campus?,"L'ISET Sfax dispose d'un centre de santé universitaire offrant des consultations médicales de base, un soutien psychologique et des premiers soins. Des campagnes de sensibilisation et de prévention sont régulièrement organisées.",/vie-etudiante/sante
66,Vie étudiante,Comment participer aux activités culturelles de l'ISET Sfax?,"Pour participer aux activités culturelles, les étudiants peuvent rejoindre les clubs concernés ou s'inscrire aux événements spécifiques annoncés sur les tableaux d'affichage et les réseaux sociaux de l'institut.",/vie-etudiante/activites-culturelles
67,Vie étudiante,L'ISET Sfax organise-t-il des événements spéciaux pour les étudiants?,"Oui, l'ISET Sfax organise régulièrement des événements spéciaux comme la journée d'intégration, les forums d'entreprises, les compétitions sportives inter-ISET, les hackathons, et les festivals culturels.",/vie-etudiante/evenements
68,Vie étudiante,Comment créer un nouveau club étudiant à l'ISET Sfax?,"Pour créer un nouveau club étudiant, il faut soumettre une proposition détaillée au service des affaires estudiantines, incluant les objectifs du club, la liste des membres fondateurs, et un plan d'activités. Après approbation, le club peut commencer ses activités.",/vie-etudiante/creation-de-club
69,Vie étudiante,Y a-t-il une bibliothèque sur le campus?,"Oui, l'ISET Sfax dispose d'une bibliothèque moderne offrant une large collection d'ouvrages techniques et scientifiques, des revues spécialisées, et un accès à des ressources numériques. Des espaces de travail individuels et en groupe sont également disponibles.",/services/bibliotheque
70,Vie étudiante,Comment obtenir une carte d'étudiant à l'ISET Sfax?,"La carte d'étudiant est délivrée automatiquement après l'inscription administrative complète. Les nouveaux étudiants peuvent la récupérer auprès du service de scolarité, généralement dans les deux semaines suivant la rentrée.",/vie-etudiante/carte-etudiant
71,Vie étudiante,Existe-t-il un bureau des anciens étudiants?,"Oui, l'ISET Sfax dispose d'une association des anciens étudiants qui organise des rencontres, facilite le réseautage professionnel et maintient un lien entre les diplômés et l'institut.",/vie-etudiante/association-des-anciens
72,Vie étudiante,Y a-t-il un service d'orientation professionnelle?,"Oui, l'ISET Sfax dispose d'un service d'orientation professionnelle qui accompagne les étudiants dans la définition de leur projet professionnel, la recherche de stages et d'emplois, et l'organisation d'ateliers sur les techniques de recherche d'emploi.",/services/orientation-professionnelle
73,Vie étudiante,Comment se connecter au Wi-Fi sur le campus?,"Pour se connecter au Wi-Fi du campus, les étudiants doivent utiliser leurs identifiants institutionnels fournis lors de l'inscription. Le réseau 'ISET-Connect' est disponible dans tous les bâtiments du campus.",/services/informatiques
74,Vie étudiante,L'ISET Sfax propose-t-il des activités extra-académiques?,"Oui, l'ISET Sfax propose de nombreuses activités extra-académiques à travers ses clubs et associations : compétitions techniques, défis d'innovation, sorties culturelles, tournois sportifs, actions bénévoles, etc.",/vie-etudiante/activites-extra-academiques
75,Vie étudiante,Y a-t-il un soutien psychologique disponible pour les étudiants?,"Oui, l'ISET Sfax offre un service de soutien psychologique confidentiel aux étudiants qui rencontrent des difficultés personnelles, académiques ou d'adaptation. Des psychologues sont disponibles sur rendez-vous.",/vie-etudiante/soutien-psychologique
76,Vie étudiante,Comment s'impliquer dans la représentation étudiante?,"Les étudiants peuvent s'impliquer dans la représentation étudiante en se portant candidats aux élections des délégués de classe en début d'année. Ces délégués participent ensuite aux conseils de département et peuvent être élus au conseil scientifique de l'institut.",/vie-etudiante/representation-etudiante
77,Vie étudiante,Existe-t-il des espaces de co-working pour les étudiants?,"Oui, l'ISET Sfax dispose d'espaces de co-working et d'incubation destinés aux projets étudiants, particulièrement dans le domaine de l'entrepreneuriat et de l'innovation technologique.",/services/espaces-de-travail
78,Vie étudiante,Comment accéder aux ressources informatiques?,"Les étudiants ont accès aux salles informatiques selon un planning établi. Ils disposent également d'un accès personnel aux plateformes d'apprentissage en ligne et aux logiciels spécialisés nécessaires à leur formation.",/services/informatiques
79,Vie étudiante,Y a-t-il des compétitions inter-universitaires?,"Oui, l'ISET Sfax participe régulièrement à des compétitions inter-universitaires dans divers domaines : sports, robotique, programmation, débats, projets d'innovation, etc. Les étudiants peuvent représenter l'institut lors de ces événements.",/vie-etudiante/competitions
80,Vie étudiante,Comment bénéficier d'une bourse d'études?,"Pour bénéficier d'une bourse d'études, les étudiants tunisiens doivent déposer une demande auprès de l'Office des Œuvres Universitaires. Les critères d'attribution sont principalement socio-économiques. Des bourses spécifiques peuvent également être offertes par des partenaires privés.",/vie-etudiante/bourses
81,Recherche,Quels sont les laboratoires de recherche à l'ISET Sfax?,"L'ISET Sfax abrite plusieurs unités de recherche dans des domaines comme les systèmes embarqués, l'informatique industrielle, les énergies renouvelables, les matériaux innovants et la gestion industrielle.",/recherche/laboratoires
82,Recherche,Comment participer à un projet de recherche en tant qu'étudiant?,"Les étudiants intéressés par la recherche peuvent contacter directement les responsables des laboratoires ou leurs enseignants. Des opportunités de participation à des projets sont souvent proposées aux étudiants performants, particulièrement en dernière année.",/recherche/opportunites-etudiants
83,Recherche,L'ISET Sfax publie-t-il une revue scientifique?,"Oui, l'ISET Sfax contribue à la publication de la revue 'Innovations Technologiques' qui présente les travaux de recherche de l'institut et de ses partenaires dans divers domaines technologiques.",/recherche/publications
84,Recherche,Quels sont les axes de recherche prioritaires à l'ISET Sfax?,"Les axes de recherche prioritaires à l'ISET Sfax incluent : l'industrie 4.0, les énergies renouvelables, l'intelligence artificielle, les systèmes embarqués, le développement durable, et l'innovation dans les procédés industriels.",/recherche/axes-prioritaires
85,Recherche,Existe-t-il des collaborations avec des entreprises pour la recherche?,"Oui, l'ISET Sfax maintient des collaborations étroites avec le secteur industriel pour des projets de recherche appliquée. Ces partenariats concernent notamment le développement de solutions innovantes, l'optimisation des processus et l'amélioration des produits.",/recherche/partenariats-industriels
86,Recherche,Comment sont financés les projets de recherche à l'ISET Sfax?,"Les projets de recherche à l'ISET Sfax sont financés par différentes sources : subventions ministérielles, programmes nationaux de recherche, projets européens (Erasmus+, Horizon Europe), contrats avec des entreprises privées, et fondations internationales.",/recherche/financement
87,Recherche,L'ISET Sfax organise-t-il des conférences scientifiques?,"Oui, l'ISET Sfax organise régulièrement des conférences scientifiques nationales et internationales, ainsi que des workshops thématiques dans ses domaines d'expertise. Ces événements réunissent chercheurs, industriels et étudiants.",/recherche/evenements
88,Recherche,Y a-t-il des brevets déposés par l'ISET Sfax?,"Oui, l'ISET Sfax a déposé plusieurs brevets issus de ses travaux de recherche, notamment dans les domaines des énergies renouvelables, des systèmes embarqués et des procédés industriels innovants.",/recherche/brevets
89,Recherche,Comment accéder aux publications des chercheurs de l'ISET Sfax?,"Les publications des chercheurs de l'ISET Sfax peuvent être consultées dans le dépôt institutionnel accessible depuis le site web de l'institut. Certaines publications sont également disponibles sur des plateformes académiques comme ResearchGate ou Google Scholar.",/recherche/acces-publications
90,Recherche,Existe-t-il un doctorat à l'ISET Sfax?,"L'ISET Sfax ne délivre pas directement de doctorat, mais ses enseignants-chercheurs peuvent encadrer des doctorants en cotutelle avec des universités partenaires. Les étudiants de l'ISET peuvent poursuivre en doctorat après leur mastère dans d'autres institutions.",/recherche/doctorat
91,Recherche,Comment les résultats de recherche sont-ils valorisés?,"Les résultats de recherche sont valorisés à travers des publications scientifiques, des brevets, des transferts de technologie vers l'industrie, la création de startups, et l'intégration des innovations dans les formations dispensées à l'institut.",/recherche/valorisation
92,Recherche,Existe-t-il des prix ou distinctions pour les chercheurs?,"Oui, l'ISET Sfax reconnaît l'excellence en recherche par des prix annuels décernés aux meilleurs chercheurs et innovateurs. L'institut célèbre également les succès de ses chercheurs dans des compétitions nationales et internationales.",/recherche/prix-et-distinctions
93,Recherche,L'ISET Sfax dispose-t-il d'équipements spécifiques pour la recherche?,"Oui, l'ISET Sfax dispose de laboratoires équipés d'instruments de pointe pour la recherche dans ses domaines d'expertise : prototypage rapide, analyse de matériaux, test de systèmes électroniques, simulation numérique, etc.",/recherche/equipements
94,Recherche,Comment s'impliquent les étudiants dans la recherche?,"Les étudiants s'impliquent dans la recherche principalement à travers leurs projets de fin d'études, des stages dans les laboratoires, la participation à des challenges d'innovation, et l'association à des publications pour les plus performants.",/recherche/implication-etudiante
95,Recherche,Existe-t-il des bourses de recherche pour les étudiants?,"Oui, des bourses de recherche sont disponibles pour les étudiants impliqués dans des projets spécifiques, particulièrement au niveau mastère. Ces bourses peuvent provenir de financements institutionnels ou de projets en partenariat avec l'industrie.",/recherche/bourses
96,Recherche,L'ISET Sfax participe-t-il à des réseaux de recherche internationaux?,"Oui, l'ISET Sfax est membre de plusieurs réseaux de recherche internationaux, notamment dans les domaines des technologies de l'information, de l'énergie et du développement durable, facilitant les collaborations et échanges scientifiques.",/recherche/reseaux-internationaux
97,Recherche,Comment proposer un projet de recherche collaboratif?,"Pour proposer un projet de recherche collaboratif, les entreprises ou institutions intéressées peuvent contacter la direction de la recherche de l'ISET Sfax ou directement les responsables des laboratoires concernés. Un formulaire de proposition est disponible sur le site web.",/recherche/proposer-collaboration
98,Recherche,Quels sont les indicateurs de performance en recherche à l'ISET Sfax?,"Les principaux indicateurs de performance en recherche à l'ISET Sfax incluent le nombre de publications dans des revues indexées, les brevets déposés, les projets financés, les partenariats industriels, et l'impact des innovations sur le secteur socio-économique.",/recherche/indicateurs
99,Recherche,L'ISET Sfax dispose-t-il d'un incubateur pour les projets innovants?,"Oui, l'ISET Sfax héberge un incubateur technologique qui accompagne les projets innovants issus de la recherche vers la création d'entreprises. Des espaces de travail, du mentorat et un réseau de partenaires sont mis à disposition des porteurs de projets.",/recherche/incubateur
100,Recherche,Comment l'ISET Sfax assure-t-il le transfert technologique?,"L'ISET Sfax assure le transfert technologique à travers une cellule dédiée qui facilite la valorisation des résultats de recherche, établit des partenariats avec l'industrie, et accompagne les chercheurs dans la protection et la commercialisation de leurs innovations.",/recherche/transfert-technologique
101,International,Quels sont les partenariats internationaux de l'ISET Sfax?,"L'ISET Sfax maintient des partenariats avec diverses institutions internationales, principalement en Europe (France, Italie, Espagne), en Afrique du Nord et au Moyen-Orient. Ces partenariats concernent la mobilité étudiante, les échanges académiques et les projets de recherche communs.",/relations-internationales/partenaires
102,International,Comment participer à un programme d'échange international?,"Pour participer à un programme d'échange international, les étudiants doivent candidater auprès du bureau des relations internationales de l'ISET Sfax. La sélection se fait sur dossier, incluant les résultats académiques et la motivation. Les programmes Erasmus+ sont particulièrement actifs.",/relations-internationales/programmes-dechange
103,International,L'ISET Sfax propose-t-il des stages à l'étranger?,"Oui, l'ISET Sfax facilite l'accès à des stages internationaux grâce à ses partenariats avec des entreprises et institutions étrangères. Le bureau des relations internationales accompagne les étudiants dans leurs démarches de candidature et de préparation.",/relations-internationales/stages-internationaux
104,International,Existe-t-il des doubles diplômes avec des universités étrangères?,"Oui, l'ISET Sfax a établi des accords de double diplôme avec certaines universités partenaires, permettant aux étudiants de valider simultanément un diplôme tunisien et un diplôme étranger après un parcours partiellement effectué dans chaque institution.",/relations-internationales/doubles-diplomes
105,International,Comment les enseignants peuvent-ils participer à la mobilité internationale?,"Les enseignants peuvent participer à la mobilité internationale à travers des programmes comme Erasmus+, des missions d'enseignement de courte durée, des projets de recherche collaboratifs, ou des sabbatiques dans des institutions partenaires.",/relations-internationales/mobilite-enseignants
106,International,L'ISET Sfax accueille-t-il des étudiants étrangers?,"Oui, l'ISET Sfax accueille des étudiants étrangers, principalement dans le cadre de programmes d'échange ou de mobilité, mais aussi des étudiants internationaux réguliers, notamment des pays africains et arabes.",/relations-internationales/accueil-etudiants-etrangers
107,International,Quelles sont les langues requises pour les échanges internationaux?,"Pour les échanges internationaux, la maîtrise du français est généralement suffisante pour les partenariats francophones. Pour d'autres destinations, l'anglais est souvent requis. Le niveau de compétence linguistique demandé varie selon les programmes et les institutions partenaires.",/relations-internationales/exigences-linguistiques
108,International,L'ISET Sfax participe-t-il à des projets européens?,"Oui, l'ISET Sfax participe activement à des projets européens comme Erasmus+, Horizon Europe, et d'autres initiatives de coopération méditerranéenne, tant dans le domaine de la formation que de la recherche et innovation.",/relations-internationales/projets-europeens
109,International,Existe-t-il des cours dispensés en anglais à l'ISET Sfax?,"Certains modules spécialisés, particulièrement dans les formations de mastère ou les programmes en partenariat international, sont dispensés en anglais à l'ISET Sfax pour faciliter la mobilité et préparer les étudiants au contexte international.",/relations-internationales/cours-en-anglais
110,International,Comment obtenir une attestation pour un visa d'études à l'étranger?,"Pour obtenir une attestation pour un visa d'études à l'étranger, les étudiants sélectionnés pour un programme d'échange doivent en faire la demande auprès du bureau des relations internationales qui délivrera les documents nécessaires en coordination avec l'institution partenaire.",/relations-internationales/documents-visa
111,International,Y a-t-il des financements spécifiques pour la mobilité internationale?,"Oui, des financements spécifiques sont disponibles pour la mobilité internationale, principalement à travers les bourses Erasmus+, les programmes de coopération bilatérale, et certaines fondations. Le montant et les conditions varient selon les programmes.",/relations-internationales/financement-mobilite
112,International,Comment valoriser une expérience internationale dans son parcours?,"Une expérience internationale est valorisée dans le parcours étudiant par la reconnaissance des crédits acquis à l'étranger (ECTS), l'enrichissement du CV, l'acquisition de compétences linguistiques et interculturelles, et potentiellement l'obtention d'un double diplôme.",/relations-internationales/valorisation-experience
113,International,L'ISET Sfax organise-t-il des événements internationaux?,"Oui, l'ISET Sfax organise régulièrement des événements internationaux comme des conférences scientifiques, des ateliers thématiques, des semaines internationales, et des rencontres interculturelles pour promouvoir les échanges et la coopération.",/relations-internationales/evenements
114,International,Comment préparer sa candidature pour un programme d'échange?,"Pour préparer sa candidature à un programme d'échange, l'étudiant doit constituer un dossier comprenant ses relevés de notes, une lettre de motivation, un CV, des lettres de recommandation, et éventuellement un certificat de compétence linguistique. Des ateliers de préparation sont organisés.",/relations-internationales/preparer-candidature
115,International,Quelles sont les destinations les plus populaires pour les étudiants de l'ISET Sfax?,"Les destinations les plus populaires pour les étudiants de l'ISET Sfax en mobilité internationale sont la France, l'Italie, l'Espagne, l'Allemagne et la Belgique en Europe, ainsi que certains pays du Maghreb et du Moyen-Orient pour des échanges régionaux.",/relations-internationales/destinations-populaires
116,International,Comment les crédits obtenus à l'étranger sont-ils reconnus?,"Les crédits obtenus à l'étranger sont reconnus selon le système ECTS (European Credit Transfer System). Un contrat d'études est établi avant le départ pour garantir la reconnaissance des cours suivis à l'étranger dans le cursus de l'étudiant à l'ISET Sfax.",/relations-internationales/reconnaissance-credits
117,International,Existe-t-il des summer schools ou programmes courts à l'international?,"Oui, l'ISET Sfax participe à des summer schools et programmes courts internationaux, permettant aux étudiants de vivre une expérience internationale condensée durant les vacances d'été ou d'hiver, souvent centrée sur une thématique spécifique.",/relations-internationales/programmes-courts
118,International,Comment contacter le bureau des relations internationales?,"Le bureau des relations internationales de l'ISET Sfax peut être contacté par email à international@isetsf.rnu.tn ou par téléphone au +216 74 431 XXX. Des permanences sont également assurées dans les locaux de l'administration selon un horaire affiché.",/relations-internationales/contact
119,International,L'ISET Sfax participe-t-il à des réseaux universitaires internationaux?,"Oui, l'ISET Sfax est membre de plusieurs réseaux universitaires internationaux comme le réseau des institutions technologiques méditerranéennes, l'association des universités francophones, et d'autres consortiums thématiques favorisant la coopération académique.",/relations-internationales/reseaux-universitaires
120,International,Comment se déroule l'accueil des professeurs invités internationaux?,"L'accueil des professeurs invités internationaux est coordonné par le bureau des relations internationales. Un programme est établi incluant les activités d'enseignement, des rencontres avec les équipes de recherche, et éventuellement des visites culturelles. Un logement et un support logistique sont fournis.",/relations-internationales/professeurs-invites
121,Stages et emploi,Comment trouver un stage en entreprise via l'ISET Sfax?,"Pour trouver un stage en entreprise, les étudiants peuvent consulter les offres publiées par le bureau des stages de l'ISET Sfax, participer aux forums entreprises organisés annuellement, ou solliciter l'aide de leurs enseignants qui disposent souvent d'un réseau professionnel.",/stages-emploi/recherche-stage
122,Stages et emploi,Quelle est la durée typique d'un stage de fin d'études?,"La durée typique d'un stage de fin d'études à l'ISET Sfax est de 4 à 6 mois pour les licences et jusqu'à 6 mois pour les mastères. Cette période permet aux étudiants de réaliser un projet significatif en entreprise.",/stages-emploi/duree-stage
123,Stages et emploi,Comment est évalué le stage de fin d'études?,"Le stage de fin d'études est évalué sur la base du rapport écrit, de la soutenance orale devant un jury, et de l'évaluation du maître de stage en entreprise. Ces trois composantes contribuent à la note finale selon une pondération définie par le département.",/stages-emploi/evaluation-stage
124,Stages et emploi,L'ISET Sfax organise-t-il des forums de recrutement?,"Oui, l'ISET Sfax organise annuellement un forum entreprises où les étudiants peuvent rencontrer des recruteurs potentiels, découvrir des opportunités de stages et d'emploi, et élargir leur réseau professionnel.",/stages-emploi/forum-entreprises
125,Stages et emploi,Existe-t-il une cellule d'aide à l'insertion professionnelle?,"Oui, l'ISET Sfax dispose d'une cellule d'insertion professionnelle qui accompagne les étudiants et jeunes diplômés dans leur recherche d'emploi, organise des ateliers sur les techniques de recherche d'emploi, et maintient des relations avec les employeurs.",/stages-emploi/insertion-professionnelle
126,Stages et emploi,Comment rédiger un bon CV et une lettre de motivation?,"La cellule d'insertion professionnelle de l'ISET Sfax propose régulièrement des ateliers sur la rédaction de CV et de lettres de motivation. Des modèles et conseils sont également disponibles sur l'intranet étudiant et des séances individuelles de coaching peuvent être proposées.",/stages-emploi/redaction-cv
127,Stages et emploi,Quel est le taux d'insertion professionnelle des diplômés?,"Le taux d'insertion professionnelle des diplômés de l'ISET Sfax varie selon les filières, mais se situe généralement entre 70% et 85% dans les 12 mois suivant l'obtention du diplôme. Les secteurs techniques comme l'informatique et l'électronique affichent les meilleurs taux.",/stages-emploi/taux-insertion
128,Stages et emploi,Les stages sont-ils rémunérés?,"La rémunération des stages dépend de la politique de l'entreprise d'accueil. Bien que non obligatoire en Tunisie pour les stages académiques, de nombreuses entreprises offrent une indemnité, particulièrement pour les stages de longue durée ou les projets de fin d'études.",/stages-emploi/remuneration-stages
129,Stages et emploi,Comment l'ISET Sfax aide-t-il les étudiants entrepreneurs?,"L'ISET Sfax soutient les étudiants entrepreneurs à travers son incubateur de projets, des formations spécialisées en entrepreneuriat, des concours d'innovation, et un accompagnement personnalisé pour la création d'entreprises technologiques.",/stages-emploi/entrepreneuriat-etudiant
130,Stages et emploi,Existe-t-il des conventions avec des entreprises pour les stages?,"Oui, l'ISET Sfax a établi des conventions-cadres avec de nombreuses entreprises régionales et nationales pour faciliter l'accueil des stagiaires. Ces partenariats assurent un flux régulier d'opportunités de stages pour les étudiants.",/stages-emploi/conventions-entreprises
131,Stages et emploi,Comment se préparer à un entretien d'embauche?,"La cellule d'insertion professionnelle propose des ateliers de préparation aux entretiens d'embauche, incluant des simulations, des conseils sur la présentation personnelle, et des techniques pour mettre en valeur ses compétences face aux recruteurs.",/stages-emploi/preparation-entretien
132,Stages et emploi,Les anciens diplômés peuvent-ils accéder aux services d'emploi?,"Oui, les anciens diplômés peuvent continuer à bénéficier des services de la cellule d'insertion professionnelle pendant deux ans après l'obtention de leur diplôme, incluant l'accès aux offres d'emploi et aux ateliers de formation.",/stages-emploi/services-anciens
133,Stages et emploi,Comment valoriser son stage dans son CV?,"Pour valoriser son stage dans son CV, il est recommandé de mettre en avant les compétences acquises, les projets réalisés, les résultats obtenus et les technologies maîtrisées, plutôt que de simplement mentionner l'entreprise et la durée.",/stages-emploi/valorisation-stage
134,Stages et emploi,Y a-t-il des périodes spécifiques pour effectuer un stage?,"Les stages de fin d'études se déroulent généralement au dernier semestre du cursus (février-juin pour les licences). Des stages d'été peuvent être effectués entre les années académiques, et certains programmes prévoient des alternances stage-formation.",/stages-emploi/periodes-stage
135,Stages et emploi,Peut-on effectuer un stage à l'étranger?,"Oui, les étudiants de l'ISET Sfax peuvent effectuer des stages à l'étranger, notamment grâce aux programmes d'échange internationaux comme Erasmus+ ou via les partenariats établis avec des entreprises internationales.",/stages-emploi/stages-internationaux
136,Stages et emploi,Comment l'ISET Sfax maintient-il le contact avec ses alumni?,"L'ISET Sfax maintient le contact avec ses alumni à travers l'association des anciens étudiants, un réseau LinkedIn dédié, des événements annuels de retrouvailles, et une newsletter spécifique partageant les succès et opportunités.",/stages-emploi/reseau-alumni
137,Stages et emploi,Les stages peuvent-ils déboucher sur une embauche?,"Oui, les stages constituent souvent une voie privilégiée vers l'embauche. Environ 30% des stagiaires de fin d'études à l'ISET Sfax se voient proposer un contrat dans leur entreprise d'accueil à l'issue du stage.",/stages-emploi/stages-vers-emploi
138,Stages et emploi,Comment l'ISET Sfax adapte-t-il ses formations aux besoins du marché?,"L'ISET Sfax adapte ses formations aux besoins du marché grâce à un conseil de perfectionnement incluant des professionnels, des enquêtes régulières auprès des employeurs, et la révision périodique des programmes pour intégrer les compétences émergentes.",/stages-emploi/adaptation-formations
139,Stages et emploi,Existe-t-il des formations en alternance à l'ISET Sfax?,"Certaines formations de l'ISET Sfax, particulièrement au niveau mastère professionnel, sont proposées en formule d'alternance, permettant aux étudiants de partager leur temps entre l'institut et l'entreprise pour une meilleure insertion professionnelle.",/stages-emploi/formations-alternance
140,Stages et emploi,Comment accéder aux offres d'emploi pour les diplômés?,"Les offres d'emploi pour les diplômés sont accessibles via la plateforme carrière de l'ISET Sfax, le groupe LinkedIn des alumni, et les tableaux d'affichage physiques et virtuels de la cellule d'insertion professionnelle.",/stages-emploi/offres-emploi
141,Infrastructure,Quels types de laboratoires sont disponibles à l'ISET Sfax?,"L'ISET Sfax dispose de laboratoires spécialisés dans chaque département : laboratoires d'informatique, d'électronique, d'automatisme, de mécanique, de résistance des matériaux, de génie civil, et de langues, tous équipés de matériel moderne et professionnel.",/infrastructure/laboratoires
142,Infrastructure,Comment accéder aux salles informatiques en dehors des heures de cours?,"Les salles informatiques sont accessibles en dehors des heures de cours selon un planning affiché à l'entrée de chaque salle. Les étudiants doivent présenter leur carte d'étudiant au responsable de salle et respecter le règlement d'utilisation.",/infrastructure/acces-salles-informatiques
143,Infrastructure,Existe-t-il des espaces de travail collaboratif?,"Oui, l'ISET Sfax dispose d'espaces de travail collaboratif dans la bibliothèque, d'espaces de coworking dans l'incubateur, et de salles de projet que les étudiants peuvent réserver pour leurs travaux de groupe.",/infrastructure/espaces-collaboratifs
144,Infrastructure,Quels équipements sportifs sont disponibles sur le campus?,"Le campus dispose d'un terrain de football, d'un terrain multisports, d'une salle de musculation, et d'espaces pour les sports individuels. Ces installations sont accessibles aux étudiants selon un planning établi par le service des sports.",/infrastructure/equipements-sportifs
145,Infrastructure,La bibliothèque propose-t-elle des ressources numériques?,"Oui, la bibliothèque de l'ISET Sfax offre un accès à des ressources numériques incluant des e-books, des revues scientifiques en ligne, des bases de données spécialisées, et des plateformes d'apprentissage accessibles via le réseau de l'institut ou à distance.",/infrastructure/bibliotheque-numerique
146,Infrastructure,Y a-t-il des salles d'étude disponibles 24h/24?,"Non, les salles d'étude ne sont pas disponibles 24h/24, mais la bibliothèque et certaines salles de travail sont ouvertes jusqu'à 20h en semaine et le samedi matin. Pendant les périodes d'examens, des horaires étendus peuvent être proposés.",/infrastructure/horaires-salles-etude
147,Infrastructure,Comment réserver une salle pour un événement étudiant?,"Pour réserver une salle pour un événement étudiant, il faut soumettre une demande écrite au service des affaires estudiantines au moins deux semaines à l'avance, précisant la nature de l'événement, la date, l'heure et les besoins spécifiques.",/infrastructure/reservation-salles
148,Infrastructure,L'ISET Sfax dispose-t-il d'un auditorium?,"Oui, l'ISET Sfax dispose d'un auditorium moderne d'une capacité de 300 places, équipé de systèmes audiovisuels avancés, utilisé pour les conférences, les cérémonies officielles et les grands événements culturels.",/infrastructure/auditorium
149,Infrastructure,Existe-t-il des laboratoires de langues?,"Oui, l'ISET Sfax dispose de laboratoires de langues équipés de matériel audiovisuel interactif permettant l'apprentissage pratique des langues étrangères, principalement l'anglais, le français et l'allemand.",/infrastructure/laboratoires-langues
150,Infrastructure,Comment accéder au réseau Wi-Fi du campus?,"Pour accéder au réseau Wi-Fi du campus, les étudiants doivent utiliser leurs identifiants institutionnels fournis lors de l'inscription. La couverture Wi-Fi s'étend à tous les bâtiments principaux et espaces communs du campus.",/infrastructure/wifi-campus
151,Infrastructure,Y a-t-il des imprimantes et photocopieurs à disposition des étudiants?,"Oui, des imprimantes et photocopieurs sont disponibles à la bibliothèque et dans certains départements. Un système de quota d'impression est appliqué, et les étudiants peuvent recharger leur compte à la régie de l'institut.",/infrastructure/services-impression
152,Infrastructure,Existe-t-il des infrastructures adaptées aux personnes à mobilité réduite?,"Oui, l'ISET Sfax a aménagé ses infrastructures pour les rendre accessibles aux personnes à mobilité réduite : rampes d'accès, ascenseurs, sanitaires adaptés et places de parking réservées sont disponibles sur l'ensemble du campus.",/infrastructure/accessibilite
153,Infrastructure,L'ISET Sfax dispose-t-il d'un service de maintenance informatique?,"Oui, un service de maintenance informatique est disponible pour résoudre les problèmes techniques sur les équipements de l'institut. Les étudiants peuvent signaler les dysfonctionnements via un formulaire en ligne ou auprès du responsable de salle.",/infrastructure/maintenance-informatique
154,Infrastructure,Comment est organisée la sécurité sur le campus?,"La sécurité sur le campus est assurée par un service de gardiennage présent 24h/24, un système de vidéosurveillance dans les zones sensibles, et un contrôle d'accès aux bâtiments en dehors des heures d'ouverture régulières.",/infrastructure/securite-campus
155,Infrastructure,Existe-t-il des espaces verts et de détente?,"Oui, le campus comprend plusieurs espaces verts aménagés avec des bancs et des zones ombragées, ainsi qu'une place centrale servant de lieu de rencontre et de détente pour la communauté de l'institut.",/infrastructure/espaces-verts
156,Infrastructure,Les salles de cours sont-elles équipées de matériel audiovisuel?,"Oui, la majorité des salles de cours sont équipées de vidéoprojecteurs, d'écrans et de systèmes audio. Les amphithéâtres disposent d'équipements plus avancés incluant des systèmes de sonorisation et d'enregistrement.",/infrastructure/equipement-audiovisuel
157,Infrastructure,Comment fonctionnent les laboratoires de travaux pratiques?,"Les laboratoires de travaux pratiques fonctionnent par groupes restreints d'étudiants selon un planning établi. Chaque séance est encadrée par un enseignant et éventuellement un technicien spécialisé, avec des postes de travail équipés du matériel nécessaire.",/infrastructure/fonctionnement-tp
158,Infrastructure,Y a-t-il des casiers disponibles pour les étudiants?,"Oui, des casiers sont disponibles pour les étudiants dans certains bâtiments, particulièrement près des laboratoires techniques. L'attribution se fait en début d'année auprès du service de scolarité, avec une caution remboursable.",/infrastructure/casiers-etudiants
159,Infrastructure,Existe-t-il un fab lab ou un espace de prototypage?,"Oui, l'ISET Sfax dispose d'un fab lab équipé d'imprimantes 3D, de machines à découpe laser, et d'outils de prototypage rapide. Cet espace est accessible aux étudiants pour leurs projets après une formation initiale aux équipements.",/infrastructure/fablab
160,Infrastructure,Comment sont équipés les laboratoires de recherche?,"Les laboratoires de recherche sont équipés d'instruments spécialisés selon leur domaine : équipements d'analyse et de mesure, systèmes embarqués, outils de simulation numérique, et matériel d'expérimentation avancé, financés par des projets de recherche nationaux et internationaux.",/infrastructure/equipement-recherche
161,Calendrier,Quand commence l'année universitaire à l'ISET Sfax?,"L'année universitaire à l'ISET Sfax commence généralement mi-septembre pour les étudiants de 2ème et 3ème année, et début octobre pour les nouveaux inscrits en 1ère année. Une semaine d'intégration est organisée pour ces derniers.",/calendrier/rentree-universitaire
162,Calendrier,Quelles sont les dates des examens du premier semestre à l'ISET Sfax?,"Les examens du premier semestre à l'ISET Sfax se déroulent généralement durant les deux dernières semaines de janvier. Les dates précises sont communiquées par l'administration environ un mois avant le début des épreuves via le site web et les tableaux d'affichage.",/calendrier/examens-premier-semestre
163,Calendrier,Quand se déroulent les examens du deuxième semestre à l'ISET Sfax?,"Les examens du deuxième semestre à l'ISET Sfax sont programmés habituellement durant les deux dernières semaines de mai. Le calendrier détaillé est publié sur le site de l'institut et affiché dans les départements environ trois semaines avant le début des épreuves.",/calendrier/examens-deuxieme-semestre
164,Calendrier,Quelles sont les dates des sessions de rattrapage à l'ISET Sfax?,"Les sessions de rattrapage à l'ISET Sfax sont organisées généralement début juillet, environ deux semaines après la publication des résultats des examens du deuxième semestre. Les étudiants concernés doivent s'inscrire aux matières à rattraper selon les procédures indiquées par l'administration.",/calendrier/sessions-rattrapage
165,Calendrier,Quand ont lieu les vacances universitaires à l'ISET Sfax?,"L'ISET Sfax suit le calendrier universitaire national avec les vacances suivantes : vacances d'hiver (dernière semaine de décembre et première semaine de janvier), vacances de printemps (une semaine fin mars), et vacances d'été (de fin juin à mi-septembre). Des jours fériés supplémentaires sont observés pour les fêtes nationales et religieuses.",/calendrier/vacances-universitaires
166,Calendrier,Quand commence l'inscription administrative à l'ISET Sfax?,"L'inscription administrative pour les nouveaux étudiants à l'ISET Sfax débute généralement mi-août et se poursuit jusqu'à fin septembre. Pour les étudiants déjà inscrits, la période de réinscription commence début août et se termine mi-septembre. Les dates précises sont publiées annuellement sur le site web de l'institut.",/calendrier/inscription-administrative
167,Calendrier,Quand sont publiés les résultats des examens à l'ISET Sfax?,"Les résultats des examens du premier semestre sont généralement publiés mi-février, tandis que ceux du deuxième semestre sont disponibles vers mi-juin. Les résultats de la session de rattrapage sont communiqués fin juillet. Tous les résultats sont affichés dans les départements et disponibles sur l'espace étudiant du site web.",/calendrier/publication-resultats
168,Calendrier,Quelle est la date limite pour déposer une demande de changement de filière à l'ISET Sfax?,"La date limite pour déposer une demande de changement de filière à l'ISET Sfax est fixée à une semaine après la publication des résultats finaux (après la session de rattrapage). Les demandes doivent être soumises au service de scolarité avec justificatifs appropriés. Les réponses sont communiquées avant la rentrée universitaire.",/calendrier/changement-filiere
169,Calendrier,Quand se déroulent les soutenances de PFE à l'ISET Sfax?,"Les soutenances de Projets de Fin d'Études (PFE) à l'ISET Sfax se déroulent généralement durant la première quinzaine de juin pour la session principale et la première semaine de septembre pour la session exceptionnelle. Les dates exactes sont fixées par département et communiquées aux étudiants concernés un mois à l'avance.",/calendrier/soutenances-pfe
170,Calendrier,Quelles sont les horaires des cours à l'ISET Sfax?,"Les cours à l'ISET Sfax se déroulent du lundi au samedi, de 8h00 à 18h00. La durée d'une séance est de 1h30. Une pause déjeuner est prévue entre 12h00 et 13h30. Les emplois du temps spécifiques par groupe et par semestre sont affichés dans les départements et disponibles sur l'espace étudiant du site.",/calendrier/horaires-cours
171,Calendrier,Quand sont programmées les réunions d'information de rentrée à l'ISET Sfax?,"Les réunions d'information de rentrée à l'ISET Sfax sont organisées pendant la première semaine de cours. Pour les nouveaux étudiants, elles ont lieu durant la semaine d'intégration, début octobre. Ces réunions sont obligatoires car elles présentent l'organisation des études, les règlements et les services disponibles.",/calendrier/reunions-information-rentree
172,Calendrier,Quand peut-on consulter les emplois du temps à l'ISET Sfax?,"Les emplois du temps à l'ISET Sfax sont publiés une semaine avant le début des cours de chaque semestre. Ils sont disponibles sur le site web de l'institut, affichés dans les départements et accessibles via l'espace étudiant. Des mises à jour peuvent être effectuées durant les deux premières semaines du semestre.",/calendrier/consultation-emplois-temps
173,Calendrier,À quelle date faut-il commencer à chercher un stage à l'ISET Sfax?,"La recherche de stage à l'ISET Sfax devrait idéalement commencer 3 mois avant la période prévue. Pour les stages de PFE (février-mai), il est recommandé de débuter les recherches dès octobre. Pour les stages d'été, commencez vos démarches en mars. Le bureau des stages peut vous accompagner dans cette recherche.",/calendrier/recherche-stage
174,Calendrier,Quand sont organisées les journées portes ouvertes à l'ISET Sfax?,"Les journées portes ouvertes à l'ISET Sfax sont généralement organisées durant la deuxième quinzaine de mars. Ces journées permettent aux futurs bacheliers de découvrir l'institut, ses filières et ses installations. Des démonstrations et des rencontres avec étudiants et enseignants sont au programme.",/calendrier/journees-portes-ouvertes
175,Calendrier,Quelle est la période d'orientation universitaire pour les bacheliers souhaitant intégrer l'ISET Sfax?,"La période d'orientation universitaire pour les bacheliers souhaitant intégrer l'ISET Sfax débute généralement une semaine après l'annonce des résultats du baccalauréat (fin juin) et dure environ deux semaines. Les candidats doivent suivre la procédure d'orientation sur le site www.orientation.tn et placer l'ISET Sfax parmi leurs choix.",/calendrier/orientation-universitaire
176,Calendrier,Quand débute la période des stages PFE à l'ISET Sfax?,"La période des stages PFE à l'ISET Sfax débute officiellement le 1er février et s'étend jusqu'à fin mai, pour une durée totale de quatre mois. Une convention de stage doit être signée et déposée au service des stages avant le démarrage. Les étudiants peuvent commencer leurs recherches dès le début du premier semestre.",/calendrier/periode-stages-pfe
177,Calendrier,Quelles sont les dates des conseils de classe à l'ISET Sfax?,"Les conseils de classe à l'ISET Sfax se réunissent deux fois par an : mi-février pour délibérer sur les résultats du premier semestre, et début juin pour le deuxième semestre. Un conseil supplémentaire a lieu fin juillet après la session de rattrapage. Ces conseils décident du passage des étudiants au niveau supérieur.",/calendrier/conseils-classe
178,Calendrier,Quand se déroulent les élections des représentants étudiants à l'ISET Sfax?,"Les élections des représentants étudiants à l'ISET Sfax se déroulent généralement durant la première quinzaine de novembre. Chaque groupe élit un délégué qui participera aux réunions avec l'administration et les enseignants. Les candidatures sont ouvertes deux semaines avant la date des élections.",/calendrier/elections-representants-etudiants
179,Calendrier,À quelle date faut-il déposer les demandes de bourse et de logement universitaire à l'ISET Sfax?,"Les demandes de bourse et de logement universitaire pour les étudiants de l'ISET Sfax doivent être déposées entre début juillet et mi-août via le site de l'Office des Œuvres Universitaires (www.oous.rnu.tn). Les nouveaux bacheliers doivent soumettre leur demande dès l'obtention de leur affectation à l'ISET Sfax.",/calendrier/demandes-bourse-logement
180,Calendrier,Quand sont programmées les activités culturelles et sportives à l'ISET Sfax?,"Les activités culturelles et sportives à l'ISET Sfax sont programmées principalement les mercredis après-midi, période réservée aux activités parascolaires. Un calendrier détaillé est publié en début d'année universitaire. Les événements majeurs comme le tournoi sportif inter-départements se déroulent généralement en avril.",/calendrier/activites-culturelles-sportives
181,Contact,Quelle est l'adresse exacte de l'ISET Sfax?,"L'adresse exacte de l'ISET Sfax est : Institut Supérieur des Études Technologiques de Sfax, Route de Mahdia Km 2.5, BP 88A, 3099 Sfax, Tunisie.",/contact/adresse-exacte
182,Contact,Quel est le numéro de téléphone du standard de l'ISET Sfax?,"Le numéro de téléphone du standard de l'ISET Sfax est le (+216) 74 431 133. Ce numéro est disponible pendant les heures de travail administratif, du lundi au vendredi de 8h30 à 17h30 et le samedi de 8h30 à 13h00.",/contact/telephone-standard
183,Contact,Quel est le numéro de fax de l'ISET Sfax?,"Le numéro de fax de l'ISET Sfax est le (+216) 74 431 282. Ce service est disponible 24h/24 pour la réception des documents officiels.",/contact/numero-fax
184,Contact,Quelle est l'adresse e-mail officielle de l'ISET Sfax?,"L'adresse e-mail officielle de l'ISET Sfax est contact@isetsf.rnu.tn. Cette adresse peut être utilisée pour toute demande d'information générale ou pour contacter l'administration.",/contact/email-officiel
185,Contact,Comment contacter le service de scolarité de l'ISET Sfax?,"Le service de scolarité de l'ISET Sfax peut être contacté par téléphone au (+216) 74 431 144 ou par e-mail à scolarite@isetsf.rnu.tn. Vous pouvez également vous rendre directement au bureau de la scolarité situé au bâtiment administratif, ouvert du lundi au vendredi de 8h30 à 15h30 et le samedi de 8h30 à 12h30.",/contact/service-scolarite
186,Contact,Comment contacter le directeur de l'ISET Sfax?,"Pour contacter le directeur de l'ISET Sfax, vous pouvez prendre rendez-vous auprès de son secrétariat au (+216) 74 431 134 ou envoyer un e-mail à directeur@isetsf.rnu.tn. Pour les questions urgentes, une permanence est assurée tous les mardis matin de 9h00 à 12h00 sans rendez-vous.",/contact/contacter-directeur
187,Contact,Quels sont les horaires d'ouverture de la bibliothèque de l'ISET Sfax?,"La bibliothèque de l'ISET Sfax est ouverte du lundi au vendredi de 8h00 à 18h00 et le samedi de 8h00 à 13h00. Elle reste fermée pendant les jours fériés et observe des horaires réduits pendant les vacances universitaires (généralement de 9h00 à 15h00).",/contact/horaires-bibliotheque
188,Contact,Comment contacter le service des stages et d'insertion professionnelle de l'ISET Sfax?,"Le service des stages et d'insertion professionnelle de l'ISET Sfax peut être contacté au (+216) 74 431 155 ou par e-mail à stages@isetsf.rnu.tn. Le bureau est situé au 2ème étage du bâtiment des départements et est ouvert aux étudiants du lundi au vendredi de 9h00 à 16h00.",/contact/service-stages
189,Contact,Quels sont les horaires d'ouverture du restaurant universitaire de l'ISET Sfax?,"Le restaurant universitaire de l'ISET Sfax est ouvert pour le petit-déjeuner de 7h00 à 8h30, pour le déjeuner de 11h30 à 14h00, et pour le dîner de 18h30 à 20h00 (uniquement pour les résidents des foyers universitaires). Ces horaires peuvent être légèrement modifiés pendant le mois de Ramadan et les vacances.",/contact/horaires-restaurant-universitaire
190,Contact,Comment contacter les différents départements de l'ISET Sfax ?,"Pour contacter les départements de l'ISET Sfax, vous pouvez utiliser les coordonnées suivantes : - Département Génie Électrique : (+216) 74 431 160 ou dept.ge@isetsf.rnu.tn - Département Génie Mécanique : (+216) 74 431 170 ou dept.gm@isetsf.rnu.tn - Département Génie Informatique : (+216) 74 431 180 ou dept.info@isetsf.rnu.tn - Département Sciences Économiques et Gestion : (+216) 74 431 190 ou dept.seg@isetsf.rnu.tn. Les bureaux des départements sont ouverts du lundi au vendredi de 8h30 à 16h30.",/contact/departements-contacts
191,Contact,Quel est le site web officiel de l'ISET Sfax?,"Le site web officiel de l'ISET Sfax est https://isetsf.rnu.tn/. Ce site contient toutes les informations relatives aux formations, aux actualités et aux services offerts par l'institut.",/contact/site-web-officiel
192,Contact,Comment contacter le service informatique en cas de problème technique à l'ISET Sfax?,"Le service informatique de l'ISET Sfax peut être contacté au (+216) 74 431 166 ou par e-mail à support.info@isetsf.rnu.tn. Pour les problèmes urgents concernant les laboratoires ou les salles informatiques, un technicien est disponible au bureau S12 au rez-de-chaussée du bâtiment principal.",/contact/service-informatique
193,Contact,Comment accéder au campus de l'ISET Sfax en transport en commun?,"Le campus de l'ISET Sfax est accessible en transport en commun via les lignes de bus urbains n°5 et n°10 depuis le centre-ville de Sfax. L'arrêt \"ISET\" se trouve juste devant l'entrée principale. Les bus passent toutes les 15 minutes en heures de pointe et toutes les 30 minutes le reste de la journée.",/contact/acces-transport-commun
194,Contact,Existe-t-il des pages officielles de l'ISET Sfax sur les réseaux sociaux ?,"Oui, l'ISET Sfax dispose de pages officielles sur plusieurs réseaux sociaux : - Facebook : @ISETSfaxOfficiel - Instagram : @iset_sfax_officiel - LinkedIn : Institut Supérieur des Études Technologiques de Sfax. Ces pages sont régulièrement mises à jour avec les actualités et événements de l'institut.",/contact/reseaux-sociaux
195,Contact,Comment contacter l'association des anciens étudiants de l'ISET Sfax?,"L'association des anciens étudiants de l'ISET Sfax peut être contactée par e-mail à alumni@isetsf.rnu.tn ou via sa page Facebook @AlumniISETSfax. L'association dispose également d'un bureau au sein du campus, ouvert les mercredis et vendredis après-midi de 14h00 à 17h00.",/contact/association-anciens
196,Contact,Quels sont les horaires d'ouverture du service de santé universitaire à l'ISET Sfax?,"Le service de santé universitaire de l'ISET Sfax est ouvert du lundi au vendredi de 9h00 à 16h00. Une permanence médicale est assurée par un médecin les lundis, mercredis et vendredis, et par une infirmière tous les jours. En cas d'urgence en dehors de ces horaires, contactez le gardien au (+216) 74 431 111.",/contact/service-sante
197,Contact,Comment contacter le bureau de la vie étudiante de l'ISET Sfax?,"Le bureau de la vie étudiante de l'ISET Sfax peut être contacté au (+216) 74 431 177 ou par e-mail à vie.etudiante@isetsf.rnu.tn. Ce bureau, situé au 1er étage du bâtiment administratif, est responsable des activités culturelles, sportives et associatives. Il est ouvert du lundi au vendredi de 9h00 à 16h00.",/contact/bureau-vie-etudiante
198,Contact,Comment prendre rendez-vous avec un conseiller d'orientation à l'ISET Sfax?,"Pour prendre rendez-vous avec un conseiller d'orientation à l'ISET Sfax, contactez le service d'orientation et d'encadrement au (+216) 74 431 188 ou par e-mail à orientation@isetsf.rnu.tn. Les consultations sont disponibles du lundi au jeudi de 9h00 à 15h00, sur rendez-vous uniquement.",/contact/conseiller-orientation
199,Contact,Où se trouve le bureau des relations internationales de l'ISET Sfax?,"Le bureau des relations internationales de l'ISET Sfax se trouve au 2ème étage du bâtiment administratif, bureau B208. Il peut être contacté au (+216) 74 431 199 ou par e-mail à relations.internationales@isetsf.rnu.tn. Ce bureau gère les programmes d'échange et les partenariats internationaux.",/contact/relations-internationales
200,Contact,Comment signaler un problème d'infrastructure sur le campus de l'ISET Sfax?,"Pour signaler un problème d'infrastructure sur le campus de l'ISET Sfax (fuite d'eau, panne électrique, etc.), contactez le service technique au (+216) 74 431 122 ou envoyez un e-mail à maintenance@isetsf.rnu.tn. Pour les problèmes urgents, vous pouvez également vous adresser directement au gardien à l'entrée principale.",/contact/signaler-probleme-infrastructure
201,FAQ,Comment s'inscrire en première année à l'ISET Sfax?,"L'inscription en première année à l'ISET Sfax se fait en deux étapes : 1) Orientation via la plateforme nationale www.orientation.tn après l'obtention du baccalauréat, 2) Inscription administrative à l'ISET Sfax une fois l'affectation obtenue. Les documents requis sont : carte d'identité, attestation de baccalauréat, photos d'identité, certificat médical et frais d'inscription.",/faq/inscription-premiere-annee
202,FAQ,Quelles sont les filières disponibles à l'ISET Sfax?,"L'ISET Sfax propose plusieurs filières réparties en quatre départements : Génie Électrique (électronique industrielle, automatismes et informatique industrielle), Génie Mécanique (construction et fabrication mécanique, maintenance industrielle), Génie Informatique (développement des systèmes d'information, réseaux et systèmes), et Sciences Économiques et Gestion (comptabilité, finance, marketing, commerce international).",/faq/filieres-disponibles
203,FAQ,Comment obtenir une attestation de scolarité à l'ISET Sfax?,"Pour obtenir une attestation de scolarité à l'ISET Sfax, vous devez vous présenter au service de scolarité muni de votre carte d'étudiant. Une demande peut également être faite en ligne via l'espace étudiant du site web. Le document est généralement délivré dans un délai de 24 à 48 heures. Ce service est gratuit pour les étudiants inscrits.",/faq/attestation-scolarite
204,FAQ,Comment se fait l'évaluation des étudiants à l'ISET Sfax?,"L'évaluation des étudiants à l'ISET Sfax repose sur un système mixte : contrôle continu (40% de la note finale) comprenant des tests, travaux pratiques et projets, et examens semestriels (60%). La validation d'un module nécessite une moyenne minimale de 10/20. Les étudiants n'ayant pas validé certains modules peuvent les repasser lors de la session de rattrapage.",/faq/systeme-evaluation
205,FAQ,Quelles sont les conditions de passage d'une année à l'autre à l'ISET Sfax?,"Le passage d'une année à l'autre à l'ISET Sfax est conditionné par l'obtention d'une moyenne générale annuelle d'au moins 10/20, sans aucune note éliminatoire (inférieure à 6/20) dans les modules fondamentaux. Un étudiant peut être autorisé à passer conditionnellement s'il a validé au moins 80% des crédits de l'année, avec obligation de rattraper les modules non validés.",/faq/conditions-passage
206,FAQ,Comment fonctionne le système de crédits à l'ISET Sfax?,"Le système de crédits à l'ISET Sfax suit le modèle ECTS (European Credit Transfer System). Chaque module d'enseignement correspond à un certain nombre de crédits (généralement entre 2 et 6) reflétant la charge de travail. La licence appliquée nécessite la validation de 180 crédits sur trois ans. Les crédits sont définitivement acquis une fois le module validé.",/faq/systeme-credits
207,FAQ,Quelles sont les modalités pour effectuer un stage à l'ISET Sfax?,"Pour effectuer un stage à l'ISET Sfax, l'étudiant doit d'abord trouver une entreprise d'accueil (par ses propres moyens ou avec l'aide du bureau des stages), puis retirer une convention de stage à faire signer par l'entreprise et l'ISET. Chaque étudiant est suivi par un encadrant académique. À la fin du stage, un rapport doit être rédigé et, pour les PFE, une soutenance est organisée.",/faq/modalites-stage
208,FAQ,Comment obtenir une bourse d'études à l'ISET Sfax?,"Pour obtenir une bourse d'études en tant qu'étudiant à l'ISET Sfax, vous devez déposer une demande en ligne sur le site de l'Office des Œuvres Universitaires (www.oous.rnu.tn) entre juillet et août. L'attribution se fait selon des critères sociaux et les résultats académiques. Les bourses sont versées trimestriellement. Une commission sociale peut également attribuer des aides exceptionnelles.",/faq/obtenir-bourse
209,FAQ,Comment accéder au Wi-Fi sur le campus de l'ISET Sfax?,"Pour accéder au Wi-Fi sur le campus de l'ISET Sfax, les étudiants doivent utiliser le réseau \'ISET-SFAX\' avec leurs identifiants d'espace étudiant (numéro d'inscription et mot de passe). Pour les visiteurs, un réseau \'ISET-GUEST\' est disponible avec un mot de passe temporaire à demander à l'accueil. La couverture Wi-Fi s'étend à tous les bâtiments et espaces communs du campus.",/faq/acces-wifi
210,FAQ,Quelles sont les possibilités de poursuite d'études après le diplôme de l'ISET Sfax?,"Après l'obtention du diplôme de licence appliquée de l'ISET Sfax, plusieurs possibilités de poursuite d'études s'offrent aux diplômés : master professionnel ou de recherche dans les universités tunisiennes (sur concours), écoles d'ingénieurs nationales (sur concours), ou études à l'étranger. Des accords de partenariat existent notamment avec des établissements français, canadiens et allemands.",/faq/poursuite-etudes
211,FAQ,Comment participer aux clubs et associations de l'ISET Sfax?,"Pour participer aux clubs et associations de l'ISET Sfax, les étudiants peuvent s'inscrire au début de chaque année universitaire lors de la semaine des clubs organisée en octobre. Il suffit de contacter directement les responsables des clubs ou de passer par le bureau de la vie étudiante. Les activités se déroulent principalement les mercredis après-midi, créneau réservé aux activités parascolaires.",/faq/clubs-associations
212,FAQ,Quelles sont les démarches pour changer de filière à l'ISET Sfax?,"Pour changer de filière à l'ISET Sfax, l'étudiant doit déposer une demande écrite auprès du service de scolarité à la fin de l'année universitaire, après la publication des résultats. La demande est examinée par une commission qui tient compte des résultats académiques, des places disponibles et de la compatibilité des programmes. Les changements ne sont généralement possibles qu'après la première année.",/faq/changer-filiere
213,FAQ,Existe-t-il un service de restauration sur le campus de l'ISET Sfax?,"Oui, l'ISET Sfax dispose d'un restaurant universitaire ouvert à tous les étudiants. Il propose des repas à tarif subventionné (petit-déjeuner, déjeuner et dîner pour les résidents des foyers). Un système de carte de restauration est utilisé. De plus, deux cafétérias sont disponibles sur le campus, offrant snacks et boissons à des prix étudiants.",/faq/service-restauration
214,FAQ,Comment obtenir une chambre dans un foyer universitaire près de l'ISET Sfax?,"Pour obtenir une chambre dans un foyer universitaire près de l'ISET Sfax, les étudiants doivent déposer une demande en ligne sur le site de l'Office des Œuvres Universitaires (www.oous.rnu.tn) entre juillet et août. L'attribution se fait selon des critères sociaux et la distance entre le domicile familial et l'institut. La réponse est généralement communiquée début septembre.",/faq/logement-universitaire
215,FAQ,Quelles sont les modalités d'évaluation du Projet de Fin d'Études (PFE) à l'ISET Sfax?,"Le Projet de Fin d'Études (PFE) à l'ISET Sfax est évalué sur 100 points répartis comme suit : 40 points pour le travail réalisé en entreprise (évalué par l'encadrant professionnel), 30 points pour le rapport écrit, et 30 points pour la soutenance orale devant un jury composé d'enseignants et de professionnels. Une note minimale de 50/100 est requise pour valider le PFE.",/faq/evaluation-pfe
216,FAQ,Comment accéder aux ressources de la bibliothèque de l'ISET Sfax?,"Pour accéder aux ressources de la bibliothèque de l'ISET Sfax, les étudiants doivent présenter leur carte d'étudiant. La consultation sur place est libre, tandis que l'emprunt est limité à trois ouvrages pour deux semaines. La bibliothèque offre également un accès à des bases de données scientifiques et des revues électroniques via le réseau universitaire. Un catalogue en ligne permet de rechercher les documents disponibles.",/faq/ressources-bibliotheque
217,FAQ,Quelles certifications professionnelles peut-on obtenir à l'ISET Sfax?,"L'ISET Sfax offre la possibilité d'obtenir diverses certifications professionnelles en parallèle du cursus académique, notamment : CISCO (CCNA), Microsoft (MCP, MCSA), Oracle (OCA, OCP) pour les filières informatiques, TOEIC pour l'anglais, et des certifications en comptabilité et gestion (ACE, PMI) pour les filières économiques. Ces formations certifiantes sont proposées à tarif préférentiel aux étudiants.",/faq/certifications-professionnelles
218,FAQ,Comment se déroule la remise des diplômes à l'ISET Sfax?,"La cérémonie de remise des diplômes à l'ISET Sfax est organisée généralement en novembre pour les diplômés de l'année précédente. Les étudiants reçoivent une invitation officielle par e-mail. La cérémonie comprend des discours officiels, la remise des diplômes et des prix d'excellence, suivie d'une réception. La tenue académique (toge et toque) est fournie pour la cérémonie.",/faq/remise-diplomes
219,FAQ,Comment obtenir une attestation de réussite à l'ISET Sfax?,"Pour obtenir une attestation de réussite à l'ISET Sfax, l'étudiant doit se présenter au service de scolarité muni de sa carte d'étudiant et d'une pièce d'identité après la publication officielle des résultats finaux. L'attestation est délivrée sous 48 heures. Pour les diplômés des années précédentes, une demande peut être faite par e-mail avec copie des pièces d'identité.",/faq/attestation-reussite
220,FAQ,Quelle est la procédure de réclamation concernant les notes d'examens à l'ISET Sfax?,"La procédure de réclamation concernant les notes d'examens à l'ISET Sfax consiste à déposer une demande écrite de vérification auprès du chef de département concerné dans les 48 heures suivant l'affichage des résultats. Le formulaire de réclamation est disponible au secrétariat du département. La révision ne concerne que les erreurs matérielles de calcul et non la réévaluation des copies.",/faq/reclamation-notes
221,Actualités,Quels sont les événements à venir à l'ISET Sfax ce mois-ci?,"Les événements à venir à l'ISET Sfax ce mois-ci incluent le forum des entreprises (15-16 mai), la semaine culturelle (22-26 mai) avec des expositions et spectacles, et la journée de l'innovation technologique (30 mai) présentant les projets des étudiants. Le calendrier détaillé est disponible sur le site web et les réseaux sociaux de l'institut.",/actualites/evenements-mois
222,Actualités,Quand aura lieu la prochaine conférence scientifique à l'ISET Sfax?,"La prochaine conférence scientifique à l'ISET Sfax, intitulée 'Technologies émergentes et développement durable', aura lieu les 5 et 6 juin 2023. Des intervenants nationaux et internationaux y participeront. L'inscription est gratuite pour les étudiants de l'ISET et se fait en ligne via le formulaire disponible sur le site web de l'événement.",/actualites/prochaine-conference
223,Actualités,Quelles sont les nouvelles acquisitions de la bibliothèque de l'ISET Sfax?,"La bibliothèque de l'ISET Sfax vient d'acquérir plus de 200 nouveaux ouvrages dans les domaines du génie électrique, informatique, mécanique et gestion. Des abonnements à trois nouvelles revues scientifiques internationales ont également été souscrits. La liste complète des nouvelles acquisitions est consultable sur le catalogue en ligne de la bibliothèque.",/actualites/nouvelles-acquisitions
224,Actualités,Y a-t-il des offres de stages ou d'emploi récemment publiées pour les étudiants de l'ISET Sfax?,"Oui, plusieurs offres de stages et d'emploi ont été récemment publiées pour les étudiants de l'ISET Sfax. Des entreprises comme SOPAL, LEONI, et SAGEM recherchent des stagiaires en génie électrique et informatique. Le groupe SFBT propose des postes en maintenance industrielle. Toutes les offres sont affichées au bureau des stages et disponibles sur l'espace carrière du site web.",/actualites/offres-stages-emploi
225,Actualités,Quels sont les résultats des dernières compétitions sportives auxquelles ont participé les étudiants de l'ISET Sfax?,"Lors des dernières compétitions universitaires nationales, l'équipe de football de l'ISET Sfax s'est classée 2ème, l'équipe de handball a remporté le championnat national universitaire, et en athlétisme, deux étudiants se sont qualifiés pour les championnats maghrébins universitaires. Ces résultats confirment l'excellence sportive de l'institut au niveau national.",/actualites/resultats-competitions-sportives
226,Actualités,Quels projets de recherche sont actuellement menés à l'ISET Sfax?,"L'ISET Sfax mène actuellement plusieurs projets de recherche notables : un projet sur l'efficacité énergétique dans l'industrie en partenariat avec l'ANME, une étude sur les systèmes embarqués pour l'agriculture intelligente, et un projet d'innovation en matériaux composites. Ces recherches impliquent des enseignants-chercheurs et des étudiants en PFE et offrent des opportunités de publication.",/actualites/projets-recherche
227,Actualités,Quelles nouveautés concernent la mobilité internationale à l'ISET Sfax?,"L'ISET Sfax vient de signer trois nouveaux accords de partenariat avec des établissements en France (IUT de Lille), au Canada (Cégep de Sherbrooke) et en Allemagne (HTW Berlin), permettant des échanges d'étudiants et d'enseignants. De plus, cinq nouvelles bourses Erasmus+ sont disponibles pour l'année prochaine. Une réunion d'information sur ces opportunités aura lieu le 12 mai à l'amphithéâtre central.",/actualites/mobilite-internationale
228,Actualités,Quels changements récents ont été apportés aux programmes d'études à l'ISET Sfax?,"Les programmes d'études à l'ISET Sfax ont été récemment mis à jour pour inclure plus de modules pratiques et professionnalisants. Les filières informatiques intègrent désormais des cours sur l'intelligence artificielle et la cybersécurité. En génie électrique, un parcours en énergies renouvelables a été ajouté. Ces changements s'appliquent dès la rentrée prochaine pour les nouveaux inscrits.",/actualites/changements-programmes
229,Actualités,Quels sont les derniers équipements acquis par les laboratoires de l'ISET Sfax?,"Les laboratoires de l'ISET Sfax viennent d'acquérir de nouveaux équipements de pointe : un système de vision industrielle pour le département de génie électrique, une imprimante 3D industrielle pour le département de génie mécanique, et un serveur haute performance avec GPU pour le département informatique. Ces acquisitions ont été financées par un projet de coopération internationale visant à moderniser les infrastructures pédagogiques.",/actualites/nouveaux-equipements
230,Actualités,Quelle est la dernière distinction reçue par l'ISET Sfax ou ses membres?,"L'ISET Sfax vient d'être classé parmi les trois meilleurs instituts technologiques du pays selon le classement national des établissements d'enseignement supérieur. Par ailleurs, le Dr. Farid Maalej, enseignant-chercheur en génie électrique, a reçu le prix national de l'innovation pour ses travaux sur les systèmes de détection intelligents. Deux étudiants ont également été primés au concours national de robotique.",/actualites/distinctions-recentes
231,Actualités,Quels sont les nouveaux clubs ou associations créés récemment à l'ISET Sfax?,"Trois nouveaux clubs ont été créés récemment à l'ISET Sfax : le club 'Green Tech' dédié aux technologies vertes et au développement durable, l'association 'Entrepreneurs en herbe' qui accompagne les étudiants dans leurs projets de création d'entreprise, et le club de débats 'Logos' qui organise des compétitions d'éloquence. Ces clubs sont ouverts à tous les étudiants et se réunissent chaque semaine.",/actualites/nouveaux-clubs
232,Actualités,Y a-t-il de nouvelles infrastructures ou rénovations en cours à l'ISET Sfax?,"Oui, plusieurs projets d'infrastructure sont en cours à l'ISET Sfax : la construction d'un nouveau bâtiment pour le département de génie informatique qui sera achevée en septembre, la rénovation complète de la bibliothèque avec création d'espaces de co-working, et l'aménagement d'un terrain multisport. Un parking à vélos couvert et sécurisé a également été installé près de l'entrée principale.",/actualites/nouvelles-infrastructures
233,Actualités,Quelles personnalités ont récemment visité l'ISET Sfax?,"Récemment, l'ISET Sfax a accueilli plusieurs personnalités marquantes : le Ministre de l'Enseignement Supérieur lors de l'inauguration du laboratoire d'innovation, le PDG du groupe Poulina venu présenter les opportunités de carrière dans son entreprise, et une délégation d'universitaires canadiens dans le cadre d'un projet de coopération internationale. Ces visites renforcent le rayonnement de l'institut.",/actualites/visites-personnalites
234,Actualités,Quels sont les résultats des récentes élections des représentants étudiants à l'ISET Sfax?,"Les récentes élections des représentants étudiants à l'ISET Sfax ont vu une participation record de 78% des étudiants. Amira Ben Salah (département Génie Informatique) a été élue présidente du conseil des étudiants, avec Youssef Karoui (Génie Électrique) comme vice-président. Le nouveau conseil, composé de 12 membres, a déjà proposé plusieurs initiatives concernant l'amélioration de la vie étudiante.",/actualites/elections-representants
235,Actualités,Quelles entreprises ont participé au dernier forum de recrutement à l'ISET Sfax?,"Le dernier forum de recrutement à l'ISET Sfax a accueilli plus de 30 entreprises nationales et internationales, notamment Leoni, Yazaki, Sopra HR, SOPAL, STMicroelectronics, Orange, et le groupe Poulina. Ces entreprises ont proposé plus de 150 offres d'emploi et de stage aux étudiants et diplômés. L'événement a également inclus des ateliers de préparation aux entretiens et de rédaction de CV.",/actualites/forum-recrutement
236,Actualités,Quels sont les nouveaux services numériques disponibles pour les étudiants de l'ISET Sfax?,"L'ISET Sfax vient de lancer plusieurs nouveaux services numériques pour ses étudiants : une application mobile permettant de consulter les emplois du temps et les notes, un système de paiement électronique pour les frais universitaires, et une plateforme de e-learning enrichie avec des contenus interactifs. De plus, tous les étudiants bénéficient désormais d'un accès gratuit à Office 365 et à diverses plateformes éducatives.",/actualites/services-numeriques
237,Actualités,Quelles sont les dernières réussites des diplômés de l'ISET Sfax?,"Les diplômés récents de l'ISET Sfax connaissent un taux d'insertion professionnelle de 82% dans les six mois suivant l'obtention de leur diplôme. Parmi les réussites notables, on compte la création de trois startups technologiques par d'anciens étudiants, l'embauche de 12 diplômés par des multinationales comme Siemens et Huawei, et la sélection de 5 diplômés pour des programmes de master prestigieux à l'étranger.",/actualites/reussites-diplomes
238,Actualités,Quelles mesures sanitaires sont actuellement en vigueur à l'ISET Sfax?,"Actuellement, les mesures sanitaires à l'ISET Sfax incluent la vaccination recommandée (mais non obligatoire) pour tous les étudiants et personnels, la ventilation régulière des salles, et la mise à disposition de gel hydroalcoolique dans tous les espaces communs. Le port du masque n'est plus obligatoire mais reste conseillé pour les personnes présentant des symptômes. Le service médical assure un suivi régulier de la situation sanitaire.",/actualites/mesures-sanitaires
239,Actualités,Quelles sont les prochaines formations continues proposées par l'ISET Sfax?,"L'ISET Sfax propose prochainement plusieurs formations continues certifiantes : 'Administration réseau Cisco' (débute le 15 juin), 'Développement web avec React et Node.js' (à partir du 20 juin), et 'Gestion de projet selon la méthodologie PMI' (du 5 au 9 juillet). Ces formations sont ouvertes aux étudiants, diplômés et professionnels externes. Les inscriptions se font en ligne avec un tarif préférentiel pour les étudiants actuels.",/actualites/formations-continues
240,Actualités,Quels événements culturels sont prévus pour la fin de l'année universitaire à l'ISET Sfax?,"Pour la fin de l'année universitaire, l'ISET Sfax organise plusieurs événements culturels : le festival 'Arts & Tech' du 15 au 17 juin avec des expositions d'art numérique et des performances artistiques, la soirée musicale de fin d'année le 25 juin avec des groupes étudiants, et la journée portes ouvertes culturelles le 28 juin présentant les réalisations des clubs. Tous ces événements sont gratuits et ouverts au public.",/actualites/evenements-culturels
241,Salutations,Bonjour,"Bonjour ! Je suis le chatbot de l'ISET Sfax. Comment puis-je vous aider aujourd'hui ?",/salutations/bonjour
242,Salutations,Salut,"Salut ! Bienvenue sur le service d'assistance virtuelle de l'ISET Sfax. Que puis-je faire pour vous ?",/salutations/salut
243,Salutations,Bonsoir,"Bonsoir ! Je suis là pour répondre à vos questions concernant l'ISET Sfax. N'hésitez pas à me demander ce dont vous avez besoin.",/salutations/bonsoir
244,Salutations,Au revoir,"Au revoir ! Merci d'avoir utilisé notre service d'assistance. N'hésitez pas à revenir si vous avez d'autres questions concernant l'ISET Sfax.",/salutations/au-revoir
245,Salutations,Merci,"Je vous en prie ! C'est toujours un plaisir de vous aider. Si vous avez d'autres questions sur l'ISET Sfax, n'hésitez pas à demander.",/salutations/merci
246,Salutations,Comment ça va ?,"Je vais très bien, merci ! Je suis prêt à répondre à toutes vos questions concernant l'ISET Sfax. Et vous, comment puis-je vous aider aujourd'hui ?",/salutations/comment-ca-va
247,Salutations,À bientôt,"À bientôt ! J'espère avoir pu vous aider. N'hésitez pas à revenir pour toute question concernant l'ISET Sfax.",/salutations/a-bientot
248,Salutations,Bonne journée,"Bonne journée à vous aussi ! Si vous avez d'autres questions sur l'ISET Sfax plus tard, je serai là pour vous aider.",/salutations/bonne-journee
249,Salutations,Comment t'appelles-tu ?,"Je suis le chatbot officiel de l'ISET Sfax, conçu pour vous fournir des informations sur notre institut et répondre à vos questions. Comment puis-je vous aider aujourd'hui ?",/salutations/comment-t-appelles-tu
250,Salutations,Qui es-tu ?,"Je suis l'assistant virtuel de l'ISET Sfax, créé pour répondre à vos questions concernant notre institut, les formations, les procédures administratives et la vie étudiante. N'hésitez pas à me demander ce que vous souhaitez savoir !",/salutations/qui-es-tu
251,Salutations,Je ne comprends pas,"Je suis désolé si ma réponse n'était pas claire. Pourriez-vous reformuler votre question ou me préciser ce que vous cherchez à savoir concernant l'ISET Sfax ? Je ferai de mon mieux pour vous donner une information plus précise.",/salutations/je-ne-comprends-pas
252,Salutations,Peux-tu m'aider ?,"Bien sûr, je suis là pour vous aider ! Posez-moi n'importe quelle question concernant l'ISET Sfax, les formations, les procédures administratives, les événements ou la vie étudiante, et je ferai de mon mieux pour vous répondre.",/salutations/peux-tu-m-aider
253,Salutations,Enchanté,"Enchanté également ! Je suis ravi de pouvoir vous assister. N'hésitez pas à me poser vos questions sur l'ISET Sfax.",/salutations/enchante
254,Salutations,À demain,"À demain ! Je serai disponible 24h/24 pour répondre à vos questions sur l'ISET Sfax. Passez une bonne journée !",/salutations/a-demain
255,Salutations,Bonne soirée,"Bonne soirée à vous aussi ! Si vous avez d'autres questions concernant l'ISET Sfax, n'hésitez pas à revenir me consulter à tout moment.",/salutations/bonne-soiree
256,Salutations,Je m'appelle [nom],"Bonjour ! Ravi de vous rencontrer. Je suis le chatbot de l'ISET Sfax, prêt à répondre à toutes vos questions concernant notre institut. Que puis-je faire pour vous aujourd'hui ?",/salutations/je-m-appelle
257,Salutations,Parles-tu français ?,"Oui, je parle français et je suis programmé pour répondre à vos questions concernant l'ISET Sfax dans cette langue. Comment puis-je vous aider aujourd'hui ?",/salutations/parles-tu-francais
259,Salutations,Parles-tu anglais ?,"Yes, I do speak English. I can answer your questions about ISET Sfax in English as well. How may I help you today? (Oui, je parle anglais. Je peux répondre à vos questions concernant l'ISET Sfax en anglais également. Comment puis-je vous aider aujourd'hui ?)",/salutations/parles-tu-anglais
260,Salutations,Je te remercie pour ton aide,"Avec plaisir ! Je suis ravi d'avoir pu vous aider. Si vous avez d'autres questions concernant l'ISET Sfax, n'hésitez pas à me les poser.",/salutations/je-te-remercie